{"cameraMode":{"drawMode":0,"name":"Shaded","section":"Shading Mode"},"sceneLighting":true,"audioPlay":false,"sceneViewState":{"showFog":true,"showMaterialUpdate":false,"showSkybox":true,"showFlares":true,"showImageEffects":true,"showParticleSystems":true},"in2DMode":false,"pivot":{"x":0.6050513982772827,"y":3.5523478984832765,"z":-0.7067644596099854},"rotation":{"x":0.18862387537956239,"y":-0.06564705818891525,"z":-0.012647131457924843,"w":-0.9797784090042114},"size":7.959869861602783,"orthographic":false}