{"cameraMode":{"drawMode":0,"name":"Shaded","section":"Shading Mode"},"sceneLighting":true,"audioPlay":false,"sceneViewState":{"showFog":false,"showMaterialUpdate":false,"showSkybox":false,"showFlares":false,"showImageEffects":false,"showParticleSystems":false},"in2DMode":false,"pivot":{"x":0.10123157501220703,"y":0.8493331074714661,"z":-0.7315523624420166},"rotation":{"x":0.08197615295648575,"y":0.3205668330192566,"z":0.027868928387761117,"w":-0.9432845711708069},"size":4.957884311676025,"orthographic":false}