{"cameraMode":{"drawMode":0,"name":"Shaded","section":"Shading Mode"},"sceneLighting":true,"audioPlay":false,"sceneViewState":{"showFog":false,"showMaterialUpdate":false,"showSkybox":false,"showFlares":false,"showImageEffects":false,"showParticleSystems":false},"in2DMode":false,"pivot":{"x":1.9254494905471802,"y":0.9734609723091126,"z":-0.7619366645812988},"rotation":{"x":0.053664810955524448,"y":0.005088939797133207,"z":0.0002961930586025119,"w":-0.9985634088516235},"size":4.957884311676025,"orthographic":false}